Campaign,Ad group,Keyword,Match type,Max CPC,Final URL
SK-BigClean-Search,BC-Core,บริษัท รับ ทำความ สะอาด บ้าน,Phrase,,https://www.sangkanclean.com/landing-bigcleaning.html
SK-BigClean-Search,BC-Core,จ้าง ทำความ สะอาด บ้าน,Phrase,,https://www.sangkanclean.com/landing-bigcleaning.html
SK-BigClean-Search,BC-Core,บริการ big cleaning,Phrase,,https://www.sangkanclean.com/landing-bigcleaning.html
SK-BigClean-Search,BC-Core,บริการ รับ ทำความ สะอาด บ้าน,Phrase,,https://www.sangkanclean.com/landing-bigcleaning.html
SK-BigClean-Search,BC-Core,บริษัท cleaning,Phrase,,https://www.sangkanclean.com/landing-bigcleaning.html
SK-BigClean-Search,BC-Core,บริษัท ทำความ สะอาด บ้าน,Phrase,,https://www.sangkanclean.com/landing-bigcleaning.html
SK-BigClean-Search,BC-Core,รับทำความสะอาด Big Cleaning,Phrase,,https://www.sangkanclean.com/landing-bigcleaning.html
SK-BigClean-Search,BC-Core,รับ ทำ ความสะอาดบ้าน ใกล้ฉัน,Phrase,,https://www.sangkanclean.com/landing-bigcleaning.html
SK-BigClean-Search,BC-Expand,บริษัท ทำความ สะอาด,Phrase,,https://www.sangkanclean.com/landing-bigcleaning.html
SK-BigClean-Search,BC-Expand,บริษัท ทำ ความ สะอาด,Phrase,,https://www.sangkanclean.com/landing-bigcleaning.html
SK-BigClean-Search,BC-Expand,บริษัท big cleaning,Phrase,,https://www.sangkanclean.com/landing-bigcleaning.html
SK-BigClean-Search,BC-Expand,ทำความ สะอาด คอน โด,Phrase,,https://www.sangkanclean.com/landing-bigcleaning.html
SK-BigClean-Search,BC-Expand,บริษัท ทำความ สะอาด คอน โด,Phrase,,https://www.sangkanclean.com/landing-bigcleaning.html
SK-BigClean-Search,BC-Expand,big cleaning บ้าน,Phrase,,https://www.sangkanclean.com/landing-bigcleaning.html
SK-BigClean-Search,BC-Expand,รับ ทำ ความ สะอาด บ้าน,Phrase,,https://www.sangkanclean.com/landing-bigcleaning.html
SK-BigClean-Search,BC-Expand,big cleaning,Phrase,,https://www.sangkanclean.com/landing-bigcleaning.html
