Campaign,Keyword,Match type
SK-BigClean-Search,ฟรี,Phrase
SK-BigClean-Search,ราคาถูก,Phrase
SK-BigClean-Search,งาน,Phrase
SK-BigClean-Search,หางาน,Phrase
SK-BigClean-Search,สมัครงาน,Phrase
SK-BigClean-Search,เงินเดือน,Phrase
SK-BigClean-Search,วิธีทำ,Phrase
SK-BigClean-Search,ทำเอง,Phrase
SK-BigClean-Search,อุปกรณ์,Phrase
SK-BigClean-Search,น้ำยา,Phrase
SK-BigClean-Search,เครื่องดูดฝุ่น,Phrase
SK-BigClean-Search,รีวิว,Phrase
SK-BigClean-Search,แม่บ้านประจำ,Phrase
SK-BigClean-Search,จัดหาแม่บ้าน,Phrase
SK-BigClean-Search,บริษัทแม่บ้าน,Phrase
